{"id": "0101001",
"category": "0101",
"nameKor": "친환경 대파 250g",
"nameEng": "eco friendly springonion",
"shortDesc": "향이 진하고 단맛도 강한 싱싱한 대파(250g)",
"imgUrl": "https://img-cf.kurly.com/shop/data/goods/1579511175292l0.jpg",
"originalPrice": "2190",
"discountRate": "",
"salesPrice": "2190",
"earnPoint": "110",
"saleUnit": "1봉지",
"weightOrCapacity": "250g",
"deliveryCategory": "샛별배송/택배배송",
"originCountry": "국내",
"packageType": "냉장/종이포장",
"packageMessage": "택배배송은 에코포장이 스티로폼으로 대체됩니다.",
"notification": "-식품 특성상 중량은 3% 내외의 차이가 발생할 수 있습니다.\n-무농약 인증 (제13-6-15 인증기관:오씨케이)\n-해당 상품은 여러 협력업체에서 납품하고 있는 상품으로 수령 시, 상이한 협력업체의 상품을 받아보실 수 있습니다. 품질은 동일 기준으로 입고되고 있사오니 참고 부탁드립니다.\n-2021년 10월 1일 23시 주문 건까지, 제조일자 2021년 9월 28일 상품 출고"
}